text,predicted
@mirebotan84 @RamiAlLolah I support that. I don't like people like Rami who complain about the things he supports when done to others.,religion
#SelfDefense The Best Martial Art for stopping Bullying http://t.co/cQajVOl,religion
@_jearbear__ @kv3rch he swore the ravens were gonna whoop our ass.. Jj watt is gonna destroy that o-line lol,religion
@edgeofthesandbx @batchelorshow @FearDept And there have been dozens of witnesses who have seen the Russians target civilians for propaganda,religion
RT @peteevansnot: Seriously why wouldn't you feed #paleo formula to your newborns with TWENTY TIMES the vitamin A of breastmilk? #mkr http:‚Ä¶,religion
"Anti-bullying workshop offers parents practical, legal solutions: With 30 percent of students nationwide being h... http://t.co/xjkhms6",religion
"If your benchmark for success is Team Greek next door, then you're always going to be feeling confident. #MKR",religion
Yo. Who do I know at @pagerduty? I can never recall names + employers.,religion
RT @TVWEEKmag: #katandandre might have to eat her words after receiving some not so great feedback on their ham and gruyere dish. #MKR #tvw‚Ä¶,religion
"White dude wins the Nobel for lit again, shocking, next you'll tell me his novels speak to a universal human experience",religion
@normaojeda000 yupperz!! Why?,religion
"@GiacomoBert8008 Honestly, WHAT",religion
You know...kudos to #MKR for being able to stretch out a show....over a month onto the show and we still dont have final teams...,religion
"@Llydisblur people seem to have a really warped view of what republican even means, lately. party lines have majorly shifted. :\",religion
RT @brownlee_dr: #Yazidi #girls tell of escape from #IS http://t.co/6FVwGLCP24,religion
@MacaLofish_UC  oajoajoajajo creo que todos me hacen bullying porr no tomar ojaojaojaoajoajoja,religion
Lolol that boy is whipped AF,religion
@KnightfanNeal #UCFPINKPARTY come on stay alive knights nation!!!! This is still the early bird special. #ComeAtMeUT,religion
The girls need to learn how to churn #MKR,religion
Stick to your day jobs girls #MKR,religion
How are You? @edcrossfineart We are well...,religion
@ugobananas OBVIOUSLY,religion
That's crap Lynn and Tony should have stayed #MKR,religion
I GUESS I NEED YOU BABYY~,religion
@yuskan0723 Just as I thought.  There is no evidence of intentionally targeting children. And it's not even certain it was an Israeli boat.,religion
"@LynnMagic turning it into a block list could be pretty rad, too. ;)",religion
"Sure is Monday! Up at 4am for work, the boss is in a bad mood, he messed up my schedule, and our DC driver ran into our dumpster!",religion
#MKR my guess. bottom 2 teams from each round are going back into instant restaurants. Just saying.,religion
"@Lovemycoffeetoo @hidden_horcrux there were 4 top teams, 1 from ea round, &amp; didn't #AdamAndCarol  top their round &amp; are also safe? #mkr",religion
When someone gets bitten by a rabid dog and has to get six inch needles in the belly be there to say NOT ALL DOGS #notalleverything,religion
@SirajZarook @BilalIGhumman @OdiniaInvictus @IsraeliRegime There is no ongoing endless occupation anywhere.,religion
"Minnesota gay teens bullied by adults, peers, say activists (Reuters): Reuters ‚Äì Barb Schroeder knew about her s... http://t.co/ujqd9K2",religion
"And a 7 for ""smear of lemon tart""??? #MKR",religion
"@Censored31 @rupertmurdoch I don't have a religion, microbrain.  Have you found what hole that coward Baghdadi crawled into at Gwer?",religion
@Assiye61 @MaxBlumenthal The Quran.,religion
mmmm #MKR Forget Deconstruction @lisamromano @garydlum @mattsparks88 THIS is Lemon Tart üçãüçãüçã mmmm http://t.co/iiLigXbbzw,religion
Pretty sure they're hiding any ability to actually cook.,religion
im@s: takes 20 hours to download,religion
"Walked out of the shelter with no puppy, but now I have a date. Uh. Success has many definitions.",religion
Today i just did not want to get up. Am dragging myself to college.,religion
"@DNas shyt iono.. i got hella shyt.. esp rockstar.. off the top of my head, the gta's..bully..re4..PrinceOfPersias..TwistedMetalBlack..etc",religion
To the extreme I rock a mic like a vandal,religion
"RT @nrrrdcore: At the very least, questions will be raised. And we now understand that women in our industry must choose between incompeten‚Ä¶",religion
"I'm much happier as a financially secure adult than as a kid in a paycheck to paycheck household (and I had great parents, just no $$$)",religion
RT @mykitchenrules: Nawwww üò≠üò≠üò≠ #MKR,religion
Annie &amp; Loyd,religion
@chris_gray91 no I'm keeping that for later trackies and a tshirt on #LuckyNooneCanSeeMe :( ha x,religion
"The current system is inadequate. Some of us are experienced at navigating these pitfalls, and we can help you.",religion
"@RichardDawkins As a child, my parents sent us to Sunday School but I think it was so they had time on their own.I can forgive them for that",religion
When is the drag show ? #ECU,religion
Bullying : Quando voc√™ esta no onibus e tem um lugar vago no seu lado e as pessoas preferem ficar em p√©,religion
@justinbieber Your How I Get Through Bullying And Tough Times Thinking Of You & How You Got Through It Makes Me See A Light At The End NSN‚ô•,religion
@buellerishere I've watched the ISIS guys argue with Saudi Muslim scholars here on twitter. The scholars always loose.,religion
@onebrightlight i've been talking to 2 employees and i heard about a lot of the internal politics re: GG. it's enough to make me stay.,religion
@xoxoMs_smith never ever serve a nigga where you sleep at police be at ya door and nigga you ain't tryna see that,religion
"@Censored31 @islamic_john Good, that trash should be mocked by the world.",religion
"Oh my gosh they played ""Ready to Run"" on #MKR tonight!! I was soo happy!!",religion
Heidi that's no argument! Not everyone who was bullied feels the need to get a nose job and eyelid surgery #InsightSBS,religion
Anyone went to church services this morning?  Does your little one stay with you or go to a nursery or Sunday School class?,religion
this has been the longest most uneventful weekend of my life. I feel like I just came from a vacation break.,religion
ITS BEAUTIFULLLLLLL :'( :'( :'( :'(,religion
"@RexMundane @gamerfortruth @a_man_in_black i'm not 100% sure where it started, but it's not going anywhere good.",religion
RT @NewIdeamagazine: Just when they thought it was safe to go back into the kitchen... Instant restaurant redemption round! #mkr,religion
@LifeInKhilafah LOL. YPG and Pesh are showing videos of truckloads of Daesh bodies. I'm still waiting for the big event you promised.,religion
Being a Bully Dont Make You Cool,religion
"@discerningmumin But regardless, ISIS will be completely defeated. I guarantee it. They are too technologically backward to win a modern war",religion
@RodGarraud @conivergara perdoname :( no puedo vivir sin hacer bullying es parte de mi! jajajajaja,religion
Video: Kevin Durant Gets Flushed On By Geoff Aka Big Bully At Dyckman! http://t.co/b0zyxeQ via @worldstar,religion
"@_MacaAlejandra @xsiempreJcyFer @camiiHidalgo_ Oigan , me Siento discriminada :'c me hacen Bulling aaaag* Las Denunciare xd",religion
#reasonifailatbeingagirl would much prefer to watch Cowboy Bebop than Made in Chelsea,religion
@LifeInKhilafah ROFL.  Where is Kobani in the picture? Answer - they have lost it.,religion
"@1Life0Continues i've got the code to interpret &amp; analyze, but the weights themselves are going to take a lot of fiddling.",religion
"Dou um empurr√£o em uma pessoa, isso se chama : - ‚Ä∫ empurr√£o. ‚Ä∫ ‚Ä∫ SOCIEDADE: bullying! http://tumblr.com/xun3xycfun",religion
#simpleasthat,religion
Me and @LaDyMavV11 stay on instagram and twitter in this class!!,religion
RT @jurijuri: @freebsdgirl It's like Total Recall but with only two breasts. MAYBE.,religion
"Curious - so, for the rest of the (non bay area) country - is it normal to see a tweet make news?",religion
@girlziplocked jfc.,religion
@classic_KZ @kevin_kohout @sbroph93 @BillDollarton @inSpector_Drew Todays the day maafucks! #readytorage,religion
@Blaq_Kocaine I'll have to check when I go home,religion
Lets hear it for a short work/school week!!!,religion
@yhdjgdjhyghghgj Thanks. I'm glad that all the genocidal Daesh slavers were cleared out.,religion
Pete eating... #mkr http://t.co/3wcIykPqX3,religion
@emily_esque I would love that. would you mind DMing me your email address? can shoot you an email later today.,religion
@GetEmEasy that don't make u a hater..if u said u didn't think it was good u would be a hater..I think it's classic tho..to each his own.,religion
Caller wanted MIKE's opinion if they r liable.,religion
"@doofsmack @wadhwa YUP. incidentally, I know the editor. She's a woman, a gamer, and in tech. It's all factual info.",religion
This person thinks that ~6 people tweeting at them for being a sealioning ass is the worst thing in the world.,religion
"@Like_Nino remember the girl that was passed out in that wet spot, and I was like ""is that pee..or liquor?"" She was behind us in the corner",religion
#face #hope #bullying http://t.co/taLCQMj,religion
RT @mcRelyt: @MT8_9 We have bucookie? http://t.co/Iai78l6KCV,religion
"@joanneleon @ChristophHeer52 First, Bandera fought for Nazis, but he was also in a Nazi prison.",religion
"Have 2 team members, sticking with this for now. Thanks, everyone. ^.^",religion
@rileysomething I'm not adverse to putting boots on the ground at Raqqa and letting our boys kill ISIS through a scope sight.,religion
"Yep, me too RT@gregbugden @smh @janecaro I always like her public school affirmations too",religion
"@DaveGreene11 And I'm sure you sew all the tiny stitches on your own clothes, not underpaid women overseas.",religion
@caitbit BLACKMILK IS AMAZING. have you seen them before?,religion
FUCKIN' SEE YA @Ztd619Dupuis,religion
So I see channel 7 have found another way to drag #MKR out for an extra few months this year,religion
The perfect seat in class would be one where you are surrounded by your best friend and your crush.,religion
RT @Everestedup: Omg double elimination?! #MKR,religion
@CarlyandTresne: I still can't believe that Katie and Nikki are out! Seriously... (Oops prob shouldn't say that) #mkr  totes awkward lol,religion
@AyeOkay89 shittiest day of the week #Monday,religion
There's one player on this pitch who's just a class above. Juan Mata. #supersunday,religion
"RT @RichardDawkins: Watching ""India's Daughter"", horrifying. Lawyer defending rapists: ""We have the best culture. In our culture there's no‚Ä¶",religion
"I hope their cooking shows through the next round. I mean, they have to plate it up right? All their (lacking) skills. #MKR",religion
Wow...I feel so sorry for Colin having to eat what those 2 are serving! #MKR #MKR2015 #vomit,religion
"@milfgaardian N'rage pink after ~1 week, turquoise is a mix of special fx. Nrage pink holds very well. http://t.co/MqX0jZSIlP",religion
"Michelle ( Heartless Bitch) Bachman WON'T Sign Anti-bullying law Cause She Doesn't want 2 ""turn boys in2 girls"" WTF ?@ChrisLarson82",religion
"@Ammaawah @jm111t Yeah, it says that men can beat women.  So what is your point?",religion
What's better than college basketball?,religion
"Bullying linked to decreases in GPA, longer lasting negative psychological effects, and obesity. More evidence... http://t.co/UCdxYcj",religion
"Old school, Degrassi&gt;&gt;&gt;&gt;&gt; #ThatsMyShit",religion
"Gonna cry in a minute, I can't fucking cope with maths",religion
STOP LYING @XaiaX,religion
@petechesbot @tmclaughbos APPARENTLY NOT,religion
RT @GidgitVonLaRue: #MKR France Vs Ireland Vs Paleo Pete...LETS RUMBLE!,religion
tbh rooting for jane and emma bc we have that lawyer bond #opposites #mkr,religion
#theawkwardmoment when you make a status on facebook saying you hate bullies then a bully likes it.,religion
@Paigey_x hahaha we will see #doubtful,religion
RT @girlziplocked: WTF @onthemedia @tldr? Man gets upset that women in tech are upset that said man silences women. So you take it down? ht‚Ä¶,religion
This is just ridiculous. #mkr Another 7 FFS.,religion
@UnitePink my apt complex turns away all packages ‚ù§Ô∏è,religion
the fact that there are 4958239689587 cute boys in the world and 0% go to my school i am sick of this shit,religion
RT @barbara_volkwyn: Islamic State Resupply Route Extended to 400 km After Peshmerga Take #Mosul‚Äì #Sinjar Road  http://t.co/bvrcRNAn1w #ISI‚Ä¶,religion
@_alianicole i kno a play where u i was always the bully n champion !!  ooowwwww,religion
Justi√ßa Estadual informa que bullying escolar ser√° caso de Pol√≠cia em Cuiab√° http://t.co/66xzSz8,religion
@EvvyKube not sure.,religion
"@Saeed6Ali @MaxBlumenthal @DaraDeBrun Since the slug is closer to your IQ, I can understand the fascination.",religion
@ShariRomine @emaleroland @dehneh1   Got it!  I'm learning.,religion
"@drlovegrove right?! I can't stop singing it, and I'm only 18..",religion
Ubisoft's attempts at pushing Uplay is rage-inducing.,religion
@TURBOCUNT they have some crazy flavors. wasabi? red bean?,religion
Twitter makes me laugh....Better than the series ;)))))) Very funny üëèüëèüëèüëèüëè  #MKR,religion
Did you say Ninjas???!,religion
@ErikaLopezDurel Definitions mean jack.  Actions do.,religion
#mkr those carrots look overdone,religion
@PoliticalAnt @Lithobolos And of course I would also fight against any theocracy - regardless of religion.,religion
Espero que ele fique bem! E que isso sirva de exemplo para todos ficarem em alerta em rela√ß√£o as pr√°ticas de bullying... o quanto √© perigoso,religion
K! Now I see why coaches get mad when the players go out late at night. #Exhausted,religion
@GemmaBurnsX @_georgepumphrey my iphone is fucked it doesn't come up properly!,religion
@tpw_rules nothings broken. I was just driving througg a lot of water.,religion
"Not really feelin social for Xmas parties but just realized I don't have to deal with people saying""You're not done w school YET?"" this yr!",religion
YES. I LOVE @lenadunham. http://t.co/ycgTBmmdxb,religion
One of our strongest tools in stopping violence against women is public shame of the abuser and public support of the victim.,religion
Wish I was with my buddies @ALLLiiXXX and @paiwai in Staunton rather than this terrible driving class! I'm not even a bad driver #granny,religion
"@SSTwinrova I'm still at the stage where I've given up on finding a good task list mgt app that fits with my workflow, so I use a notepad.",religion
#MKR time. Have a feeling that the remote may go through the TV over the next hour with these two clowns.,religion
"@_joannedelacruz Oh, so I watched the wrong film first. haha that's why! :) I'll download it now hehe thanks!",religion
My review of Kindle Voyage: a resounding 'meh',religion
"Go jac n Shaz, looks great #mkr",religion
This yogurt made my morningg :),religion
Bubble and squeak for breakfast..are you mad? #mkr,religion
"Annie and Lloyd: ""vote"" is. It pronounced ""voite"". #mkr",religion
"@__QN i work monday 2-7, yayyy i get to see you again :) this is more than i saw you at school :O",religion
"RT @waxpancake: Awww, Vivek made a new friend! http://t.co/B482drk2pN",religion
Nome: Cantinho do sof√° | Fun√ß√£o: Praticar bullying contra meu dedinho. http://t.co/IdB3frq,religion
"#50factsaboutme I always feel like my ""friends"" just pretend to like me because they only talk to me in school",religion
Bullying felino http://t.co/h3lUhN7,religion
Today in 1910  Dr. Crippen is convicted at the Old Bailey of poisoning his wife and is subsequently hanged at Pentonville Prison in London.,religion
@BJB_22 Of course you can. Do you go to school wit Eddie?,religion
@puzzle_oni having a baby doesn't end your world.And none of the young mums I know were thinking about how they were gonna be yummy mummies!,religion
Thats bullying unghh!,religion
@NATgotemall never that not me lls,religion
I can't believe people are still surprised that Annie and Lloyd can't cook! #mkr,religion
"@nitin yes, absolutely. Almost exclusively used against women that are arguing against men.",religion
@RodrigoToller_ @20matarcom1tiro se ele colocou minha ft no twitpic me autorizou a cometer bullying Lei n¬∫ 930138978947324,religion
Reserve game is cancelled so that means I'm sitting on the bench the rest of the year,religion
"Birdman is more racist, misogynist trash masquerading as high art. Skip.",religion
"@Zillytbh @leighalexander oh shit, i accidentally blocked you. whoops.",religion
"@cheeseplus yeah. i'm kind of feeling like for what i'm doing, wsp is ok. for doing more granular monitoring, redis would be good.",religion
"@dampscot yup, i'm aware. :)",religion
I hate art. It's my hardest class.,religion
Hello birthday week!,religion
Here's an idea. How about the ability to mute someone for N period of time?,religion
"@THEBULL_T ur bully's look official ""no homo"" lol",religion
"RT @girlziplocked: .@Jason you have no idea what ""crazy internet mob"" looks like until you've seen what @femfreq @freebsdgirl and @TheQuinn‚Ä¶",religion
"@kebesays no, my blog post. :)",religion
@xCali_Boundx See: History of computer science and textile workers,religion
"@jihadiA_A By people, you mean men only.  The women are clearly imprisoned in their homes.",religion
@ANDAASONSAN https://t.co/dtjOHnRNhQ,religion
SAVE $12.52 - Bully Dog 33307 Custom A Pillar Mount $67.47 http://bit.ly/qwpC1I,religion
.@philippenis @ApuPunchau Proof?  Reliable source?,religion
@LifeInKhilafah That just means that the only kinds of Europeans you will get are crazy. Other places have the brainwashed and uneducated.,religion
"@lisawest99 ...falls in love with a young handsome... (continue to describe Tom Hiddleston:)))) She wants him to belong her entirely, but...",religion
I hope I can finish it in time,religion
@JordanL yup!,religion
"@SmoothStartup all tha time, info is meant 2b shared that way I can get more from a diff perspective, my page has a variety a ppl I follow",religion
"I need to invest in a YakBak so I can just press a button when I need to say ""ironic sexism is still sexism.""",religion
Bullying masivo para #LosCruzadoTwitteros que andaban en Talcahuano.,religion
#MKR Finally food I can relate to,religion
Asap rocky mmm mmmmm his voice is so sexy I don't care.,religion
Ever since I met you no one else has even been worth thinking about.,religion
Only half a semester left üòÅüôè,religion
"@a_man_in_black sigh. prob w/being a public figure (which you are, like it or not) is that when you say shit like this, it causes a storm.",religion
@Zahoorgorsi The Daesh are doing a great job of producing hell on earth for the people living in their areas.,religion
"How come it is that the minute I get home, my family wind me up when I'm never annoyed like that at school? Grr #annoyingfamily",religion
#Koscielny off which #LiverpoolFC have to take advantage of. 2 rookies in this #Arsenal back 4 and Carroll needs to bully them,religion
"Asiik skarang aji yg jadi bhn bully? Nyekil siapose?""@sheilamatmalam: @ajiehatadji @pascaarafah tuh cha, si ajie nyekilllllll ( ¬¨Õ°Õ°Àõ ¬¨Õ°Õ°‚Äù)""",religion
@femfreq You cannot make this shit up. It writes itself!,religion
I feel like this is necessary today: http://t.co/W70c7yjnpY,religion
Why are Annie and Lloyd cooking that for breakfast? #mkr,religion
"Remember RogueStar, dude that doxxed and led the mob against many, &amp; never delivered on 1st kickstarter? Has another https://t.co/6nbX7dXCvu",religion
"Preciso fazer um script de 10 minutos sobre bullying, Morra l√≠ngua portuguesa ; Morra Professora !",religion
I appreciate every donation received. But ppl that threaten to pull funding if I don't say the things they want to hear can fuck themselves.,religion
RT @cvoter: The only way Global Media can pay respect to #CharlieHebdo martyrs is by reprinting and republishing them. Again &amp; again &amp; agai‚Ä¶,religion
"New Idea headline: ""#MKR shock! What are they hiding?"". Pretty sure they're hiding any ability to actually cook.",religion
:D,religion
"I'm with manu, if camping was involved I wouldn't show up either #MKR",religion
"Can't believe he did that AGAIN. Jesus. Hey dudes? Don't do that. Not ever. Ask yourself, would I do this to a guy? No? Then fucking STOP.",religion
"@discerningmumin We didn't overturn elections in either place, the people did, and the people have that right, as long as they elect new ppl",religion
"ethics in journalism. ETHICS. IN. JOURRRRRRRNALISM. No wonder he's friends with that walking burrito fart, milo.",religion
"You aren't just one person. There are many of us, and we all have voices. But more than that, we have resources, experience, and passion.",religion
"@stockputout not that high yet. Only like 1800 I think. I'm not even as geared as I should be, I haven't been playing that much.",religion
Preseason,religion
They need a couple of 8's? #MKR,religion
"Borad St Bully ,",religion
@anbaari16 Looks like things have turned around and the Daesh are now very quick to run away.,religion
I feel like change is gonna happen soon.,religion
stan got this A+ last word before blocking me: Ever heard of caustic #sarcasm? Rename yourself @yesyoureaBellend Thanks Awfully *mwah!* xxx,religion
@Slim_chaney I LOVE YOU,religion
Whether life's disabilities left you outcast bullied or teased rejoice and love yourself today cause babyyy u where born this way!!!!,religion
@JetsDoIt93 thankssss Joey!,religion
@Vrais66 And these. http://t.co/V3cf0aGlcp,religion
god bless my mom for bringing home chinese food,religion
"@YesYoureSexist If anyone is interested in contributing to the project in their discipline, I have an Excel template you can go to town on.",religion
whats Ja'mie doing in #MKR ? #summerheightshigh @ChrisLilley http://t.co/9npCYLVNLl,religion
Have you ever wondered where the idea of the 72 virgins comes from in Islam.  Here is the Hadith describing it. http://t.co/I978JpdfV2,religion
@aninkyaffair I am jealous.,religion
LIKE THE TIME IN SCHOOL WE GOT FREE LUNCH AND THE COOL KIDS BEAT US UP.,religion
@Matt_Cooke86 Nutrition is key to closing the .#Aboriginal life expectancy gap http://t.co/IHtNiRJMa9 @croakeyblog http://t.co/ktnqAD0TM3,religion
"It's refined and it's pretty. Like us!Seriously, someone get these girls English lessons, they have no idea what they're saying. #MKR",religion
#HowToGetAwayWithMurder? Serve raw #Spatchcock! #MKR #MKR2015,religion
Its great to hear @danyneville voice after a long day at work ‚ô•,religion
FFS,religion
It was difficult. I questioned if it was a good idea until someone in the crowd came forward for a hug &amp; started crying. Then I was crying.,religion
I don't know how some people can talk about how often they get drunk on Facebook or Twitter. #KeepItClassy,religion
@RafayAgha I don't like people being bullied. I am the voice for the voiceless.,religion
When I have children and if I have a girl I'm naming her Frankie cause its such a cute fricking girl name omg..,religion
"you call me up again just to break me like a promise, so casually cruel in the name of being honest.",religion
"Kat and Andre celebrating bad cooking, bad attitude and strategic scoring. Absolute champs. #hell #MKR",religion
"@Palle_Hoffstein @CranBoonitz FreeBSD keeps getting emails about firing me, as well. Y'know, the open source OS i used to contribute to.",religion
We‚Äôre blowing up the sky like the fifth of November,religion
".@SlutWalkTO @JustLaurenB @Filotto @TheGags29 @bowtie_guy14 @MyLostGadget @LostSailorNY Agreed, sure but what does that have to do w #Page3?",religion
"@MisGrace @GBabeuf @RJennromao @DavidJo52951945 @Novorossiyan @gbazov @NewsCoverUp @rougek68 Russia, 157 out of 168 nations on pess freedom.",religion
My manager just killed a fucking bee in my hair....wtf,religion
#np Anti-Bully Zone by @charleshamilton.....one of my favorite beats/songs CH has ever done. so fucking deep.,religion
"Like, we've all got our own shit happening, but we've got to do better.",religion
#MKR did they even have chickens back in caveman times Pete?,religion
"take that Kat &amp; Andre, scum of the earth LOL #mkr. I just can't with them... #mykitchenrules.",religion
"@TherealTaraji Ck us out www.hbhliveapparel.com Sending out a positive messg ""Live"" Health Awareness, stop, gang, drug abuse, bullying ect",religion
@halalflaws @haroonstyles @AMohedin @islamdefense @greenlinerzjm Only two verses and we are making progress.,religion
RT @anildash: A friend's Facebook acct might get shut down because their legal name isn't the name they use/are known by. Anyone at FB know‚Ä¶,religion
Bad bad food. Plain and simple Kat. #MKR,religion
Hey Hey! Ho Ho! Union Bullying is Getting Really Old and Has to Stop http://t.co/8FISDJ4,religion
"@CavusSeyit I have no idea what makes you think that you are clever, because so far every one of your tweets has been moronic.",religion
"Stinky ass people, then they wonder why I don't come to school",religion
Will @Channel7 be offering us a pension... Seems that this season of #MKR2015 is never going to finish.. #MKR,religion
Wait did I see Pete &amp; Manu flying cattle class on Jetstar? Even I don't sink that low. üòÇ #MKR,religion
@IHatebd I apologize if I wasn't clear. I think that statement is equally racist as the original tweet was sexist.,religion
vomit. #stopwadhwa2015 http://t.co/78tLSv56cs,religion
"while everybody went to school, i enjoyed my day in my bed sleeping. #feelingbetter",religion
great ball handling skills Will. Lloyd from #mkr could show you how its done,religion
"RT @Witchsistah: The Entire History of Anti-Racism, from My Birth To Now #TimWiseBookClub",religion
RT @wadhwa: I can't believe my Wikipedia page is under attack again. Don't they have policies against all this?,religion
"@iyad_elbaghdadi You are wrong about that. By definition, if they are really Muslims, they are terrorist.",religion
Accidentally numbed half my mouth. Dribbling everywhere.,religion
@AlwaysWrightHoe LMFAOOOOOOOOOOOOOOOOOOOOOOOOOO BRUH STOP!,religion
"@alwalawalbaraaa @DanieleRaineri LOL.  Making excuses for attacking the Kurds I see. But everything ISIS holds was stolen, including Raqqa.",religion
Another bloody instant restaurant week?!?! Seriously! They just jumped the shark riding two other sharks powered by shark power #MKR,religion
Hahahahaha blonde moment! #mkr,religion
"@obsurfer84 There is no ""interpretation"" to ""I was six years old"". Only Taquiyya Muslims trying to lie about it.",religion
I liked a @YouTube video http://t.co/gtYIRAo Bullying e Rodeios - #Vlog,religion
69% of Children Suffer Bullying at School =&gt; http://t.co/dAdyUj9 #bullying #cyberbullying,religion
"@taliyada @PatyCipriano AI CREDO, olhao bullying  :/  Mano, eu sou um g√™nio, claro que eu vou pra Corvinal (H) HSUAHSUAHUSHAU AQUELES",religion
"pain make your way to me, to me",religion
@diesel_frost but since most of the victims are women I guess you can't be arsed to give a shit about them.,religion
Aussie #mkr judges need to be Aussies I'm sorry ... &amp; ones who know how to comb their hair &amp; look presentable... AUSSIE contestants too pls!,religion
"RT @uk_expat: ISIS executing 'educated, professional women' http://t.co/6RezldQK9T #Daesh http://t.co/akK6sMvTnm",religion
"@morangutan Andr√©s, ¬øporqu√© tanto bullying a Mario?  √âl aporta con ideas y propuestas. Sugiero parar tanta mala onda.",religion
"Users want transparency in abuse systems, but there's a difficulty in this. It can allow people to game the system.",religion
Waiting @ thee orthodontist. Just wish it was actually for ME. (.___.),religion
"@TGF174 this is both season 2015 and 2016. Next they'll advertise it as ""continuing after the tennis."" #MKR",religion
Just wanna go home school gay...,religion
@JohnCena Don't be a Brahma Bully?,religion
"RT @jlgimenez85: #mkr Annie- go ahead, punch her in the ovaries!",religion
I can't trust a soul.,religion
"Haaaa, please let Kat/Andre go to sudden death! #MKR",religion
"@tpstigers it depends on how you define meaningful. if 3 people listen to you vs 30k, there's a huge difference in voice.",religion
"Dumb idea to put armed guards in schools. That would be the dumbest job on the planet. So boring, waiting to kill some crazy gunman. #dumb",religion
Bout to get my keys made,religion
Can I holla at you??? Lol,religion
@bradybaggett @LUVSHINECAFE Does talking to a few tell me how many want to kill apostates or implement Sharia?,religion
"RT @JakeM_1998: RT BillSpindle: It's all about power at the top, but for fighters on the ground #Tikrit is religious war on both sides ‚Ä¶",religion
No u. http://t.co/zOr0eWahSS,religion
@RaikonL ok yeah i am.,religion
Where are they camping? Wasn't paying attention #mkr,religion
We only got a few more weeks until school ends praise god,religion
"@Zoebeastt Wow that undocumented, confirmation bias-stinking comment sure convinces no one!",religion
I wish he will back............ hahahaha-_-,religion
I'm thinking there is another round of instants coming  #mkr,religion
@chrylis @ClarkHat I've met plenty of people educated by private schools who still fail at basic grammar. ;),religion
Lots of ppl willing to give u that 'punch' you're missing Colin,religion
RT @HizmetMovement: 'Those committed to #democracy do not bow before #Erdogan' http://t.co/D1GXQR5AWs #YolsuzlukVeR√º≈üvetYƒ±lƒ±2014 #Turkey h‚Ä¶,religion
@MrMadeULook True &amp; she was still suffering from the backlash of that damn car accident. Her promo has been great this time around tho,religion
Whatsapp ?,religion
"If you fear your child is being bullied, this book can help make a difference and change everything. http://t.co/s34H5U8",religion
RT @beadsland: What find truly astounding is number of thought pieces that fail recognize how offensive the segment was even without the tw‚Ä¶,religion
@BRiTT_BRiT90 lmao guh these hoes dne told on me ion care fr fr.,religion
Give me all the things I need that money cant buy,religion
It's been several years since I've contributed code. This was due to a conflict with an employer. I *asked* for my commit bit to be retired.,religion
"Wadhwa had other women write a book about being a woman in tech, then he published it with his own name on the title. #stopwadhwa2015",religion
@JWYoder ouch.,religion
@gavinatkinson @karinjiri @devinteske i miss sysinstall. :(,religion
"@DianH4 The slave girl has no right at all, liar. The owner could kill here and there would be no punishment.",religion
"[Jonghyun]: Who is that, bring him/her over~! #JjongUFOReplies",religion
I do like Ash and Camilla the have screen presence #mkr,religion
No president has ever won without winning Ohio.,religion
@DannyVelasco @philippenis Just like the moon landing...,religion
@mykitchenrules time! THE TEXAN IS BACK BABY! #mykitchenrules #mkr,religion
RT @JamesMakienko: @omeisy @yemenrightsmon People in #Yemen see through #Russia supporting #houthis - already making fun of #putin https://‚Ä¶,religion
"@travel_abstract @hotelsdotcom happy to help, of course. email me at elliottc@gmail.com with details.",religion
It's not sauerkraut lol!! #mkr,religion
"Lance Armstrong Award for Sportsmanship 2015 goes to... Trevor Chappell opens envelope, announces winner is Kat! #MKR http://t.co/LHsphaw1cy",religion
¬øMayor acceso a la tecnolog√≠a incrementa el acoso escolar o #bullying? ¬øPor qu√©? http://t.co/Rib8BKk,religion
"Drama, drama, and more drama",religion
RT @halletecco: Feminists don't need to be female. Do not #stopWadhwa2015. Instead let's encourage more men to speak up. @wadhwa @jason,religion
@Abu_Rumaisa @hijra2IS I saw the Kobane clip.  It was 100% Daesh lies. http://t.co/nlZsw1TzsR,religion
Twitter on school computers...,religion
"RT @_CHYnese__: Miserable Martha's , Pathetic Patty's &amp; Bullshit Becky's√∞¬ü¬ò¬Ç√∞¬ü¬ò¬Ç√∞¬ü¬ò¬Ç√∞¬ü¬ò¬Ç√∞¬ü¬ò¬Ç√∞¬ü¬§¬∑√∞¬ü¬è¬Ω√¢¬Ä¬ç√¢¬ô¬Ä√Ø¬∏¬è https://t.co/eB9QH9DyD7",religion
can u lend me your heart ?,religion
@comattwow @sweharris i have no idea what that is?!   a spam bot??? what is your malfunction?,religion
"@pazferanda por q me haces bulling, viste q me pone sensible el estar soltero :B",religion
Vibrating with excitement. Every day brings us closer to being able to make the announcement.,religion
@sailorhg @iroc oh my gosh. This is awesome.,religion
@qmarq @ChrisWarcraft im sitting at dinner and I'm like Chris... Chris... Chris Warcraft,religion
I now officially hate Kat and Andre I hope karma bites them hard. #mkr,religion
"Went to school late, got sent home early. Possibly wont be able to attend tomorrow. #spiderbite2",religion
RT @PSogeco: Little short and to the point ISLAM Lesson's for us which are ignorant http://t.co/m4Jcka5iR0 http://t.co/GANRH4K87a via @PSog‚Ä¶,religion
RT @shanley: literally after months of attacks there has not been one single criticism or response leveled of my actual work. so you know.,religion
"Yeah Kat I wouldn't laugh so hard you are about to be brought back down to earth, now who's laughing #mkr",religion
@ZiOrim @_Median_ @RushetteNY @Banko40 I doubt that you have ever been in a street fire fight. It's easy being an armchair hero.,religion
"http://t.co/F7w7deJ venham, aceito bullying tbm",religion
"RT @mishbucsai: If I hear ""hot"" ""pretty"" ""sassy"" ""like us"" one more time.. I will deconstruct.. #MKR #killerblondes",religion
Ideas And Help For Victims Of Bullying:  http://t.co/C0i3iZK,religion
Mad A'f,religion
@IAmMatticus @twitter will send an email tomorrow morning ;),religion
@thatarabianguy Islam is racist. http://t.co/vxkGGzKe8D,religion
"Akhir2 ini disekolah jadi serba salah, di bully mulu sama @Ady_Oho, Anthony & Budi ( ÉÀòÃ©Ã©Ã©~ÀòÃ©Ã©Ã©∆™)‚Äé‚Äã",religion
@Diesal3426 Lovie is like that kid in school that does just enough to get by. In Lovie's case just enough to not get fired. #firelovie,religion
@shaner38 Avs REALLY needed the D man too...but they made right pick.,religion
Started watching Port v Magpies but turned it off. I hate to see bullying in the workplace,religion
Tongs for the memories campers #MKR,religion
@GBabeuf @MisGrace @RJennromao @DavidJo52951945 @Novorossiyan @gbazov @NewsCoverUp @rougek68 I see your logic is as screwed as your morals.,religion
RT @Quinnae_Moon: The distorting effects of the internet make it even worse; relatively minor figures online get scrutiny normally reserved‚Ä¶,religion
"You've got big hearts! Colin, I believe what you're meant to say was that they have enlarged, clogged hearts! #MKR",religion
WHAT THE SHIT http://t.co/ja2UbCspO3,religion
"RT @EzidiPress: #Ezidi fighter and his daughter on Mt #Shingal | We fight for what we love, while our enemies fight because they hate http:‚Ä¶",religion
"@DeShilianGuey lo digo por muchas cosas que leo, es una pena en verdad. Nuestros hijos crecer√°n rodeados de bullying por pensar diferente",religion
"Nevermind, Kat and Andre have no hope against the other teams now. #mkr",religion
Ok I officially dislike Kat the most #mkr,religion
"&amp; make this our little secret Emotional roller coaster, the pain is almost over the Monkey is off my shoulder",religion
Or a real #bully in life,religion
"@EdWardMDBlog @haaretzcom Again, are the Daesh Libya? Executing Egyptians is suppose to make Egyptians do what?",religion
@AMohedin 4:34 is in the Quran not the Hadith. And you don't explain why 5 translators would use strike.,religion
@wanyinglah hehehee trying to! But now very tempted!!!,religion
@kylieminogue @muse,religion
Seriously stoked the girls got through they are pretty and can cook....they are promo models and sassy  #MKR,religion
@RudhoeEnglish Living under ground like rats is very appropriate for the Daesh.,religion
If you tell me to get one of those weird hexa things i will never talk to you again.,religion
Kat &amp; Andre are terrible sports #mkr #mkr2015,religion
"@LucasProsty n√£o toh amea√ßando mas √© um fato.. tah rolando bullying na sala e eu vou na dire√ß√£o contar, fazendo minha parte, outro fato q +",religion
#TwitterFamousWhoFollowMe @ItsAkmal &amp; he's my classmate too :) haha !,religion
Going to Antonios after this lunch,religion
RT @Kotaku: How Blizzard is taking aim at toxic players in Heroes of the Storm: http://t.co/Ukt4trogVl http://t.co/mrMRW6TcwX,religion
@_Free_Boosie_ lol did you have to look on facebook?,religion
Going to have a whale of a time with this trend.. #ReasonsIFailAtBeingAGirl,religion
Kat and Andre are absolute dickheads! #mkr,religion
@W_DiamondRacing What have you bought Tom ?,religion
What a relief! They're lucky they realised their mistake! #MKR,religion
no problem @pink_supernova we need more people like casey to end bullying.,religion
@AdnanSadiq01 @sibeledmonds And there would have been no Iraq elections.  Real shame.,religion
Unions bullying heads to shut schools for public sector strikes - Telegraph.co.uk http://t.co/UBYFU1n,religion
@Katrin_Salmani Lies. http://t.co/Qax81lnvg0,religion
"@trishesdishes Go back to the top of this thread and read again, then.",religion
"So small national service I go do wey I dey go thru hell, ahhhh wey screening too am tired koraa",religion
@omarboulakjar Thanks for the RTS!,religion
Can't quite shake the feeling that #MKR is a tiny bit rigged. Since when do bullies add more value to a show? #teamlynnandtony,religion
"#YesAllWomen are not going to just ""let it go."" There are countless women who are killed every day in single numbers who are forgotten.",religion
@p8952_ @mjg59 not my field. ^.^ at a guess? you can be just as tied to a pseudonym as your real name - or even more so.,religion
@pwafork it is awful Come Dine With Me because no one gets drunk on #mkr!,religion
@Assiye61 What do you want me to do? Hand deliver the Quran to you. The verse numbers are right there. Get a Quran and look it up.,religion
N√£o √© bullying se eu te quebrar inteira e dizer que estava brincando de jogos mortais. http://t.co/W3lzR8z,religion
I have no idea how anyone is seeing blue at all. I see no blue.,religion
"@UmarFarooq_ radial momentum means that it does not fly away.  In the same way, both the plane and the atmosphere have radial momentum.",religion
"Nunca fa√ßa bullying, por que quando aquela pessoa crescer, pode virar um bruxo das trevas e se aliar a Lord... http://tumblr.com/xea3xm99fy",religion
Someone posted this on facebook in response to that woman tweeting at me earlier today. ^.^ http://t.co/bY9wkRELYO,religion
"@DineshDSouza @nobigotry In fact, Morgan does not get it. http://t.co/OJQyyICUyO",religion
Bradford team has 6 debuts: Hansen Flynn Branston Stewart Hanson Compton Mitchell bully syers Moore threlfall. #bcafc,religion
"@ChuckPfarrer And after each of those events Putin used the event to grab more power and diminish Russian freedoms, supposedly for security.",religion
RT @femfreq: Let me spell it out. It is deeply misogynist to propagate wild conspiracy theories suggesting women in gaming fake death or ra‚Ä¶,religion
@d_lacepanties safe travels girlie,religion
He's been offered contact info from those he's speaking with should he care to contribute. He's utilized none of this. I am unimpressed.,religion
"Le dan color con los tuiteros que almorzaron con Pi√±era.Tanto bullying,si hubieran sido ustedes los invitados habr√≠an ido igual. #Esonom√°s.",religion
"RT @MMMotorsports: @YesYoureSexist @J_Carnivale14 I've navigated Moroccan desert w/o GPS, chase crew, cell phones. Only compass and map. I'‚Ä¶",religion
"Jelly much, Kat? Andre is no catch.  #mkr",religion
Na palestra da minha escola usaram o restart como exemplo de bullying -.-'kk',religion
Sometimes I don't know what Colin is saying #mkr,religion
@DiceTechJobs @Itshella_dom @Maira_Benjamin @jenrpetersen that isn't me.,religion
Kat the contradictory cow. Says she regrets voting strategically but does it again #mkr #mkr2015,religion
"Oh, hell. Is Blizzard proxying tweets instead of sending the tweet content directly to twitter from the WoW client?",religion
@DJCPI @TheQuinnspiracy @metafilter i saw. &lt;3 metafilter. :),religion
Annie is coated in + 1000 sunscreen. #mkr,religion
"You confused me... in a good way, -is a that a compliment, Colin? Katie and Nikki think so! #mkr",religion
@ATLathirox YOU SHOULD HAVE COME MY FRIENDS SNEAKED IN TO THE CONCERT WITHOUT TICKERS,religion
@WPIAL_Insider if quip played there classification who would u take clairton or quip,religion
Did that Nandos advert really just happen? #MKR,religion
@abedhalawi @saedsdk @amaz7_ @ramzimort Hahahaha i suppose so :p,religion
Omg Stewart has a long middle finger!! Lol!!,religion
@3x1minus1 What about electroclash? #neverforget,religion
@Inglonias expanding? O_o,religion
"The morning after, hung over, struggling to remember how that pile of o'reilly books ended up in your bed. ""WHAT DID I CODE LAST NIGHT""",religion
@SXOYXOS: Happy birthday @KierraLove2! Love you! (: Thanks girl love u too:),religion
@isamjs hahaha bercanda bully bully di twitter anak angkatan 6. Apa kabar kak? Gmana lancar gak nih puasanya?,religion
Colin scoring for the ratings tonight. A 7 for a roasted bird that wasn't stuffed and couscous. Other teams must feel ripped off. #mkr,religion
@DianH4 Being free to make your own choices is good.,religion
Don't deny it!,religion
Rico so mad that I don't get off til 7 üòèüòèüòè,religion
@gennirobinson well I'm going to BK next yer I moved here from Ohio so I'm just finishing up my last semester through online school,religion
@TheQuinnspiracy PLZ GET URSELF A BLACKMILK SUPERHERO SWIM,religion
"@olga_imoet maafin ya, kalau ada bully yang gak diterima. ikhlasin ya... :)",religion
@tooomski lo tadi di bully ga tom?,religion
A melhor parte do dia √© o bullying com o @CarlosPivetta rs.,religion
@shehzilk @watan71969 At least Churchill got it right. http://t.co/Bjgk9PdUUO,religion
Haha yes... Kat and Andre failing!! KARMA MOTHERFCKERS üòù #MKR,religion
@_RetroQueen_ on the last day of school I seen you at taco bender,religion
Just now waking up.,religion
bully beatdown. #intense,religion
"@holinka if you are, i may try to locate you for another hug.",religion
"holy shit, i'd rather commit suicide than get bullied by @Laurennicoolee....",religion
"To all you people saying ""NOOO! #mkr dragging on!"".. there's 14 teams an weeks after these instant restaraunts. It's only 3 more months. :)",religion
Maybe the girls should have less tickets on themselves and worry about the cooking. #MKR,religion
Judges were frosty when scoring the rosti #mkr,religion
@leizlibranza yeah pole dancing was my biggest achievement! Aside from i knew how to actually look and move sexy with some bonus classes!,religion
if you don't know about the old old old school songs something is wrong.,religion
@LynnMagic we should def talk later :),religion
"The ""LOVE PINK CAMPAIGN"" for Self Love, Anti- Bullying, Ovarian Cancer, and NOH8 COMIN SOON!!!!!!! #TEAMISP #UnknownCelebrityPR  #weWorkin",religion
The teams are so rough in their scoring girls deserve better #MKR,religion
@FuckingDesean ahaha there's no reason anyone would bully me! X),religion
"NO matter how talented you are, not everybody is going to like you, but that‚Äôs life, just stay strong.",religion
Cramps from hell. Wah.,religion
"@buellerishere If you are impressed by madrassa rats, Baghdadi has his Phd in Islam. So who are you to tell him?",religion
My fav #MKR teams so far are definitely: Eva &amp; Debra Rose &amp; Josh Annie &amp; Loyd Robert &amp; Lynzy Sherie &amp; Emilie Jaz &amp; Shaz (not in order),religion
@InstantReporter @ALWiss5 And Egypt will have even more air strikes as revenge for taking the hostages.,religion
@pNibbler @AlterNet @MaxBlumenthal I don't care if someone believes that. As long as they don't assert the right to kill me for leaving.,religion
@boysies It was worth the trip alone. Blown away. She loves the gays and the gays love her. If photo u took isn't awful then do send it ;),religion
@bradybaggett @LUVSHINECAFE But at that time we didn't have fools saying that we can't fight Germany because there are good Germans.,religion
RT @mary__kaye: I blame the other teams for this. #mkr,religion
@root_tim this is my work :),religion
"RT @gater_ebooks: You Big Government, anti-freedom fucks are why I am in favour of fat shaming",religion
@desertfox899 is this 1997??? who uses MSN????,religion
"@MikeBoom_17 smh , you're in college ! Gtfo.Lol",religion
"@_DirtyTruths Of the three papers that he references, I have so far only been able to locate the third.",religion
@truaemusic Now you are drowning in self destructive PC stupidity. Conversation over. Blocked.,religion
"@MikePrysner @ChristophHeer52 Where is your evidence that any of these people are Nazis, Putin troll.",religion
"@_d_n_verg_ @stevesalaita Screaming in pure religious hatred, ""Allahu Akbar, Allahu Akbar, Allahu Akbar""",religion
@Assiye61 @MaxBlumenthal Seen it. But the Bible still has no concept of eternal jihad against all humanity.,religion
#chevape #paprikash #wogfood #MKR2015,religion
@98Halima @cdnKhadija @rfrankh53 @BilalIGhumman @johnnygjokaj Mohammed had no excuse at all to attack Khybar Jews.,religion
A comparison to Santa would be more apt. Lots of talk around the blocker tonight. http://t.co/rTgOj41PMX,religion
@LynneMcGranger Kat and Andre are a disgrace! They should be booted. To score that low to save themselves.....pffft! #mkr,religion
"@lucciiernaga7 si, jajajajajajja plan macabro jajajajajja y le hariamos bullying @MonicaLuck",religion
Obviously strategic voting!! #mkr,religion
@Popehat i can never tell anymore.,religion
"6 Italian scientists have been sent to prison for failing to predict the 2009 earthquake. I admit, a lot of people died, but really!!! #joke",religion
@rConflictNews @HaraldDoornbos What is even more disturbing is the number of people who want to watch.,religion
@MclendonLakisha That is a lie.  The prophet Mohammed had people executed for criticizing him.,religion
@_blackglass__ @dumuzi1969 YPG has civilians leave before the fight.  The Daesh holds them prisoner and uses them as shields.,religion
Im so pissed off i fucking hate everything and everyone,religion
@scholarshipscom My 2013 education resolution is to go to school for pharmacy and be successful.,religion
Chickeny thing. Technical terminology here #mkr,religion
"So she can try &amp; claim innocence, but statistics paint her as being someone to avoid. And I've been in her sights for a while. Oh well.",religion
Leo status: still zonked out http://t.co/QuSS6Mox8W,religion
RT @Rildom1: @YesYoureSexist @urmindblown the fact doesn't say intended for cars it literally says the windshield wipers which doesn't limi‚Ä¶,religion
"Really, really curious to see what happens with this.",religion
@sigje mayyyybe. Is there a CFP? I've done some neat stuff with statsd/graphite and abuse metrics,religion
"@MartinSenyszak you can have three errors, known errors, unknown errors and unknown unknown errors",religion
"‚Äú@PublimetroMX: Ninel Conde, v√≠ctima del bullying en Twitter, cambia su cuenta http://t.co/pFE73I7‚Äù/// aaaaaaaaaajajajajajajajahahahajahaja",religion
@MisGrace @GBabeuf @RJennromao @DavidJo52951945 @Novorossiyan @gbazov @NewsCoverUp @rougek68 Thanks for the intellectual response. Blocked.,religion
It's go time.,religion
@atonal440 @ralphcrafts i'm pretty entertained in that i only see half of the conversation. ;),religion
RT @HayatAlvi: Escaped Syrian Child Soldier: 'Don't Join #ISIS' http://t.co/xpcW4uHwQ1,religion
"hablando del bullying y el pasado bully de @JoselitoHuerta, @enjoyCARRILLO y @chekozucconi...",religion
‚ÄúAnd so we‚Äôll have whittled 18 down to 14 in just a few short months‚Äù #MKR,religion
Bullying ? √â o caralho . Amg tiver passando porisso agnt resolvee ligeriin .,religion
God another fucking instant restaurant round #mkr,religion
This dessert looks I dunno... I'm not feeling it.. #mkr,religion
Got out of class early today #thankgod,religion
Woo can't wait to see what happens!!! #mkr,religion
I always get so hungry watching #mkr,religion
